PartitaIVA,Indirizzo,Email,FAX
FL47487213603,96 Pennsylvania Lane,acrown0@wikipedia.org,
FG94775641642,93 Waxwing Alley,abeernt1@harvard.edu,
VF41736800392,5 Crownhardt Point,srobertot2@jalbum.net,113737295
VU29435478041,06 Memorial Park,ccrocetto3@sciencedirect.com,
RE02410242363,54 Annamark Avenue,bboliver4@ning.com,804533776
FC73429547932,674 Bultman Lane,crittmeier5@google.co.jp,
GZ42849410684,6 Buhler Street,rdeacock6@woothemes.com,
GH59336716519,9518 Hintze Parkway,sbucktharp7@arizona.edu,
FY54652202847,1 Daystar Center,bagar8@umn.edu,
QK95122063201,1318 Lukken Junction,cbence9@sourceforge.net,