CodiceFiscale,Nome,Cognome,DataNascita,LuogoNascita
FLOVPL59N35U627F,Alizée,Lowy,23/03/1963,Dūst Moḩammad Khān
MXLFBK18U77H568H,Andrée,Blaza,15/12/1997,Tolotangga
OTONYB14V08E157U,Björn,Moquin,06/02/1952,Revelstoke
QJGNZD15T70S863F,Kù,Touret,09/02/1984,Alca
LNEOEO86D67R378O,Loïca,McNish,29/05/1966,Kerek
FDPSLX08Q49W797X,Géraldine,MacRannell,29/08/1996,Bārah
HBRFQT69L61B556D,Lóng,Van der Kruijs,30/06/1952,Verin Dvin
SIJXDS84P06K180V,Maëlla,Spat,03/12/1973,San Carlos
XFGUCY39Q73Z813D,Stéphanie,Partridge,29/04/1982,Eldoret
BKQDYF39W51A931S,Vénus,Withinshaw,07/04/1993,Fengshan
ENGWHK60W66T779G,Bérangère,Dugmore,02/10/1952,Žiežmariai
PBMNWD60A88K678U,Renée,Allen,25/10/1972,São Francisco
XUCEGS88D49W608I,Mahélie,Bytheway,02/09/1965,Bonga
WNCSBQ78Y60H500X,Maéna,Davidovicz,29/04/1997,Khosta
QGKVQO81B70B279U,Amélie,Stockall,23/10/1973,Pucheng
JVHQBZ17W18J250P,Liè,Houston,22/08/1964,Kašina
DZEAOG80F93E920L,Athéna,Gheorghie,01/08/1981,Konstantinovo
DWTMWS68R28E022U,Béatrice,Wedmore,16/09/1993,Blagoveshchensk
CIZDKY95B34A556X,Táng,O'Heyne,04/06/1953,Pirava
CTVJVG31K73N732J,Maéna,Carlone,11/01/1961,Jīt
XCMHAK21T97I547U,Mélissandre,MacIllrick,07/03/1987,Jambean
AUZBLT69L86Z205T,Josée,Growy,28/04/1975,Sukhothai
ZQHKIT80D06M483M,Lucrèce,Pohlak,14/03/1977,Täby
WWYRWK83S15R810X,Hélèna,Blaymires,19/05/1950,Kafir Qala
EEVBRE21A81W726N,Loïca,Strettell,07/08/1961,Ravānsar
ZIPRBN84D70Q246P,Maéna,Tranfield,02/03/1976,Sangtian
HWUSAU41G24Y787X,Adèle,Lotze,24/12/1991,Shipaidong
DHPCXS02R64O627C,Réjane,Walklott,24/04/1979,Ebak
ZMJFUD77A16O244X,Börje,McNirlin,15/01/1992,Matumadua
LKJRNE22L88X480B,Bérengère,Scimoni,08/09/1954,Claresholm
BPAAQC28O51J712G,Alizée,Cornick,16/04/1952,Flers
VEQQUJ20A59T222Z,Nuó,Cullabine,13/04/1976,Wuli
KWWCKM65U93Z439K,Björn,Duigan,26/07/1971,Hudson Bay
FQPGUO09H16X873Q,Félicie,Herrieven,27/11/1957,Kax
NLRSVQ19G52H137F,Pò,Andreopolos,05/09/1991,Lere
KFFZCA84E96P473N,Mylène,Tantrum,07/09/1975,Rožaje
XLWEIN65X53T543V,Adélaïde,Saw,19/12/1999,Lagyná
XIWIGS07U21C302U,Michèle,Broschke,31/10/1955,Parnamirim
IQRRFC15B92X715H,Françoise,Le Teve,11/04/1980,Vília
LUUERV66M12K086K,Daphnée,Gladyer,05/12/1955,Macarse
UTKYXW85S34E399X,Clémence,Purdom,23/07/1997,Anbyŏn-ŭp
RJUSLB89Z06K178I,Marie-ève,Witnall,07/11/1964,Dabaozi
QQSLLT60C72O481J,Maëline,Luc,24/03/1992,Kolomyya
JXOZAH23I24N508C,Séverine,O'Fearguise,11/12/1982,Made
RTPGUT60Z29Q749M,Félicie,Lyburn,30/12/1970,Registro
TOBGCA93Y22V682L,Cinéma,Jorioz,16/09/1971,Energeticheskiy
HIFDJN06S11E678C,Laurélie,Linskill,13/09/1996,Aisai
DMXRLK51H91U456K,Pélagie,Greggs,11/03/1981,Tanjung
SHITGM70T24B235C,Clémentine,Walwood,25/02/1987,Rotterdam postbusnummers
PHIJNV31L30H707S,Mélina,Clues,10/09/1991,Svay Rieng
TTBRVH82L62G963X,Illustrée,Aronov,12/01/1988,Ma’ao
WPSZMZ55F29D152S,Gaétane,Rupel,31/10/1970,Foxrock
ICDXZM04F70I547H,Mélodie,Damant,01/03/1950,Mandōl
AUPWBK88V84O047G,Réservés,Muffen,15/10/1951,Guangyubao
LRQFGG30L11T350Q,Estève,Auty,27/08/1989,Zhongshanlu
APMCOF36Z90Z095H,Maëly,Boston,29/08/1984,Bajiao
BLHKDC38N18I319K,Pélagie,Pagen,23/02/1991,Newark
DSEXET38W43Y201P,Marie-hélène,McEachern,08/08/1975,Bazi
TRGUGO64H43G301R,Thérèsa,Rickword,12/03/1975,Pilzno
MRLRPD96E67J422G,Vérane,Ricardin,15/05/1974,Périgueux
GHOFJV19B30O499Z,Hélèna,Espine,07/01/1973,Quanjiang
GZVTHJ53X71Z065K,Pélagie,Dany,01/02/1966,Kanaya
PNWDVG94V62V044H,Laurélie,Inkle,17/08/1994,Birni N Konni
EXQQUX31H97J607D,Judicaël,Haile,17/04/1963,Kempele
PTNNWC65E75C726Q,Yóu,Larderot,06/05/1959,Ústí nad Labem
STKMRX26Y37F753K,Gaïa,Chyuerton,04/12/1999,Bader
KOMJGL93S83F201M,Noëlla,Illingworth,16/03/1991,Potęgowo
LWSXBW52L53Q720G,Eugénie,McGlew,12/09/1963,Puerto Parra
QBWUOR68T88K489O,Loïca,Mayne,28/12/1970,Bagnères-de-Bigorre
EQKBTP14D42F245S,Pò,Combes,29/04/1999,Karatsu
BOVSVV00Q70F654A,Rébecca,Zuenelli,27/03/1996,Boaco
OZCVGZ85E96M460W,Magdalène,Philipet,22/01/1995,Belos Ares
FHOBXD48H27C868K,Eléa,Dunbobin,21/03/1951,Thị Trấn Bắc Hà
DGSYAM97D60L466J,Valérie,Jedrych,02/12/1950,Pecatu
MHQZZN61Q09Z432Y,Daphnée,Ponsford,16/08/1956,Kashima-shi
GIQJDE70S78I696T,Ráo,Axston,15/02/1981,Bileća
KNJMSW53D59K202R,Stévina,Scutcheon,01/10/1999,Gorodishche
GARQDO58S31M625Y,Marie-ève,Brownsall,29/04/1991,Campo Viera
NAJURX09C26I008K,Ruò,Vell,15/04/1972,Pittsburgh
YHTBHN76B09X988B,Marie-hélène,Ashbee,31/07/1987,Nakhon Luang
JZDHMM79S87N728B,Lóng,Cockland,24/09/1967,Doloplazy
XRESHX81T29O111J,Liè,Dunlop,07/04/1983,El Limon
VZOCRS09F02K566T,Intéressant,Baylie,17/12/1987,Fengjiang
WKYPZK33H27J151T,Daphnée,Mardle,03/05/1980,Nova Granada
YCJWQD25S18D083W,Wá,Mathys,23/10/1964,Bertioga
OXNAUV53E85I523O,Andréanne,Emanuelov,13/10/1976,Los Angeles
JHAKNH73E81N260Y,Eléonore,Brightling,09/11/1998,Shamboyacu
KGYJNG78I82O040M,Eloïse,Lenormand,15/12/1982,Sacsamarca
BTKXAP70Z13P925X,Marlène,Allsep,19/07/1998,Qiujia
CWXNMN78A91N667C,Méng,McMichan,06/03/1950,Bakungan
NPYPGZ59P77T722J,Maëlle,Corgenvin,27/12/1978,Calangain
FSXCPO84Q79A860O,Camélia,Kunz,30/04/1994,Silago
TNXMCB90P05R302M,Bécassine,Sinnocke,18/01/1988,Kota Kinabalu
HGKIAQ31Q81W837R,Thérèse,Botterell,26/12/1995,Bačka Topola
JPRRQU24N31A752Q,Lóng,Spandley,22/03/1967,General Alvear
GDLZFS85O68J993Y,Kù,Tommasetti,05/10/1976,Yinchuan
FEABNF14V32I289T,Kévina,Ghione,25/10/1986,Panikian
EWACTB98K27O626A,Laurène,Moffet,26/09/1974,Lesnoy
THFXAI03U98B700N,Mylène,Pickard,11/07/1953,Jinpanling
WQKAHY09E37J979N,Agnès,Benson,30/11/1959,Labuhankananga